Name,Image,Album,1965,1966,1967,1968,1969,1970,1971,1972,1973,1974,1975,1976,1977,1978,1979,1980,1981,1982,1983,1984,1985,1986,1987,1988,1989,1990,1991,1992,1993,1994,1995,2015
(For the) Children of the Eighties,,,0,0,0,0,0,0,0,0,0,0,0,0,0,0,0,0,2,2,2,2,2,2,2,2,2,2,2,2,2,2,2,2
(I Can't Get No) Satisfaction,,,0,0,0,0,0,0,0,0,0,0,0,0,0,0,0,2,10,19,22,24,27,28,28,28,28,28,28,30,30,31,31,31
(I'm a) Road Runner,,,0,0,0,0,0,0,0,0,0,0,0,0,0,0,0,0,0,0,0,0,0,2,2,2,2,2,2,2,2,2,2,2
A Voice From on High,,,0,0,0,0,0,4,4,4,4,4,4,4,4,4,4,4,4,4,4,4,4,4,4,4,4,4,4,4,4,4,4,4
Ain't That Peculiar,,,0,0,0,0,0,0,0,0,0,0,0,0,0,0,0,0,0,0,0,0,0,0,0,0,0,0,0,0,1,1,1,1
Alabama Getaway,,,0,0,0,0,0,0,0,0,0,0,0,0,0,0,15,66,89,101,111,119,125,130,133,136,138,138,138,138,138,138,142,144
Alice D. Millionaire,,,0,1,1,1,1,1,1,1,1,1,1,1,1,1,1,1,1,1,1,1,1,1,1,1,1,1,1,1,1,1,1,1
All Along the Watchtower,,,0,0,0,0,0,0,0,0,0,0,0,0,0,0,0,0,0,0,0,0,0,0,13,33,46,60,76,87,100,114,119,119
Alligator,,,1,1,15,30,55,67,68,68,68,68,68,68,68,68,68,68,68,68,68,68,68,68,68,68,68,68,68,68,68,68,68,70
Althea,,,0,0,0,0,0,0,0,0,0,0,0,0,0,0,20,79,123,144,156,167,176,182,193,202,209,217,229,239,253,266,274,276
And We Bid You Goodnight,,,0,0,0,11,33,45,48,48,52,54,54,55,55,56,56,56,56,56,56,56,56,56,56,56,62,66,67,67,67,67,67,67
Angie,,,0,0,0,0,0,1,1,1,1,1,1,1,1,1,1,1,1,1,1,1,1,1,1,1,1,1,1,1,1,1,1,1
"Are You Lonely for Me, Baby?",,,0,0,0,0,0,0,0,1,1,1,1,1,1,1,1,1,1,1,1,1,1,1,1,1,1,1,1,1,1,1,1,1
Around and Around,,,0,0,0,0,0,4,7,23,53,76,77,96,120,162,188,217,248,266,282,299,316,328,346,352,358,373,386,392,402,409,418,418
Attics of My Life,,,0,0,0,0,0,19,19,21,21,21,21,21,21,21,21,21,21,21,21,21,21,21,21,21,24,25,28,31,38,48,54,56
Baba O'Riley,,,0,0,0,0,0,0,0,0,0,0,0,0,0,0,0,0,0,0,0,0,0,0,0,0,0,0,0,8,11,12,12,12
Baby What You Want Me to Do,,,0,0,0,0,1,1,1,1,1,1,1,1,1,1,1,1,1,2,2,2,5,5,5,5,5,5,5,5,5,5,5,5
Bad Moon Rising,,,0,0,0,0,0,0,0,0,0,0,0,0,0,0,0,0,0,0,0,0,0,0,0,0,0,0,1,1,1,1,1,1
Ballad of a Thin Man,,,0,0,0,0,0,0,0,0,0,0,0,0,0,0,0,0,0,0,0,0,0,0,0,2,2,2,2,2,2,2,2,2
Banks of the Ohio,,,0,0,0,0,0,0,0,0,0,0,0,0,0,0,0,0,1,1,1,1,1,1,1,1,1,1,1,1,1,1,1,1
Barbara Allen,,,0,0,0,0,0,0,0,0,0,0,0,0,0,0,0,0,2,2,2,2,2,2,2,2,2,2,2,2,2,2,2,2
Beat It on Down the Line,,,0,8,16,19,27,39,78,141,188,217,219,219,220,234,239,245,261,270,274,284,290,298,304,307,310,312,317,321,324,328,328,328
Been All Around This World,,,0,0,0,0,2,5,5,5,5,5,5,5,5,5,5,19,19,19,19,19,19,19,19,19,19,19,19,19,19,19,19,19
Beer Barrel Polka,,,0,0,0,0,0,0,0,0,3,3,3,3,3,3,3,3,3,3,3,3,3,3,3,3,3,3,3,3,3,3,3,3
Believe It or Not,,,0,0,0,0,0,0,0,0,0,0,0,0,0,0,0,0,0,0,0,0,0,0,0,6,6,7,7,7,7,7,7,7
Bertha,,,0,0,0,0,0,0,56,94,123,140,140,145,172,203,226,236,251,265,279,293,303,309,322,331,342,352,363,369,380,391,399,401
Betty & Dupree,,,0,1,1,1,1,1,1,1,1,1,1,1,1,1,1,1,1,1,1,1,1,1,1,1,1,1,1,1,1,1,1,1
Big Boss Man,,,0,6,9,9,15,26,52,64,64,64,64,64,64,64,64,64,66,66,67,68,69,69,74,76,77,78,78,78,78,78,80,80
Big Boy Pete,,,0,2,2,2,4,6,6,6,6,6,6,6,6,6,6,6,6,6,6,6,7,7,7,7,7,7,7,7,7,7,7,7
Big Breasa,,,0,0,0,0,0,1,1,1,1,1,1,1,1,1,1,1,1,1,1,1,1,1,1,1,1,1,1,1,1,1,1,1
Big Railroad Blues,,,0,0,0,0,1,11,41,73,83,85,85,85,85,85,87,97,105,113,125,137,151,158,163,167,167,168,171,173,173,174,176,176
Big River,,,0,0,0,0,0,1,2,32,92,125,128,150,165,199,226,247,271,287,297,302,315,322,336,348,354,366,374,380,382,390,397,397
Bird Song,,,0,0,0,0,0,0,13,50,63,63,63,63,63,63,63,86,112,126,141,157,171,176,193,210,231,248,261,269,282,294,299,301
Black Muddy River,,,0,0,0,0,0,0,0,0,0,0,0,0,0,0,0,0,0,0,0,0,0,3,29,48,58,62,63,63,63,63,69,69
Black Peter,,,0,0,0,0,14,60,73,78,83,87,87,87,93,113,138,165,189,210,224,237,253,264,282,295,302,312,327,335,342,346,350,352
Black Queen,,,0,0,0,0,1,1,1,1,1,1,1,1,1,1,1,1,1,1,2,2,2,2,2,2,2,2,2,2,2,2,2,2
Black-Throated Wind,,,0,0,0,0,0,0,0,74,89,105,105,105,105,105,105,105,105,105,105,105,105,105,105,105,105,111,123,130,139,150,158,158
Blackbird,,,0,0,0,0,0,0,0,0,0,0,0,0,0,0,0,0,0,0,0,0,0,0,0,2,2,2,2,2,2,2,2,2
Blow Away,,,0,0,0,0,0,0,0,0,0,0,0,0,0,0,0,0,0,0,0,0,0,0,0,5,18,23,23,23,23,23,23,23
Blue Moon,,,0,0,0,0,1,1,1,1,1,1,1,1,1,1,1,1,1,1,1,1,1,1,1,1,1,1,1,1,1,1,1,1
Blues for Allah,,,0,0,0,0,0,0,0,0,0,0,3,3,3,3,3,3,3,3,3,4,4,4,4,4,4,4,4,4,4,4,4,4
Born Cross-Eyed,,,0,0,0,13,13,13,13,13,13,13,13,13,13,13,13,13,13,13,13,13,13,13,13,13,13,13,13,13,13,13,13,15
Born on the Bayou,,,0,0,0,0,0,0,0,0,0,0,0,0,0,0,0,0,0,0,0,0,0,0,0,0,0,0,1,1,1,1,1,1
Bound in Memories,,,0,0,0,0,1,2,2,2,2,2,2,2,2,2,2,2,2,2,2,2,2,2,2,2,2,2,2,2,2,2,2,2
Box of Rain,,,0,0,0,0,0,1,1,18,46,46,46,46,46,46,46,46,46,46,46,46,46,60,75,93,103,112,123,131,139,151,163,165
Bring Me My Shotgun,,,0,0,0,0,0,1,1,1,1,1,1,1,1,1,1,1,1,1,1,1,1,1,1,1,1,1,1,1,1,1,1,1
Brokedown Palace,,,0,0,0,0,0,14,28,45,53,57,57,57,62,62,65,84,94,103,113,124,138,146,156,166,175,182,189,195,203,214,220,222
Broken Arrow,,,0,0,0,0,0,0,0,0,0,0,0,0,0,0,0,0,0,0,0,0,0,0,0,0,0,0,0,0,21,30,37,37
Brown-Eyed Women,,,0,0,0,0,0,0,16,55,91,108,108,130,157,180,201,214,226,235,251,262,274,279,285,289,295,303,312,320,331,339,344,346
Built to Last,,,0,0,0,0,0,0,0,0,0,0,0,0,0,0,0,0,0,0,0,0,0,0,0,1,17,18,18,18,18,18,18,20
"Bye, Bye, Love",,,0,0,0,0,0,0,0,0,0,0,0,0,0,0,0,0,2,2,2,2,2,2,2,2,2,2,2,2,2,2,2,2
California Earthquake (A Whole Lotta Shakin' Goin' On),,,0,0,0,0,0,0,0,0,0,0,0,0,0,0,0,0,0,0,0,0,0,0,0,0,2,2,2,2,2,2,2,2
Can't Come Down,,,1,3,3,3,3,3,3,3,3,3,3,3,3,3,3,3,3,3,3,3,3,3,3,3,3,3,3,3,3,3,3,3
Candyman,,,0,0,0,0,0,40,42,49,53,54,54,65,75,102,119,137,157,169,178,188,192,199,211,223,231,242,254,259,264,269,273,273
Cardboard Cowboy,,,0,3,3,3,3,3,3,3,3,3,3,3,3,3,3,3,3,3,3,3,3,3,3,3,3,3,3,3,3,3,3,3
Casey Jones,,,0,0,0,0,26,88,160,225,260,270,270,270,274,278,285,292,298,300,300,302,302,302,302,302,302,302,302,305,306,306,306,308
Cassidy,,,0,0,0,0,0,0,0,0,0,1,1,32,54,78,96,122,149,165,183,198,213,222,243,261,274,291,304,312,321,332,338,340
Cathy's Clown,,,0,0,0,0,0,1,1,1,1,1,1,1,1,1,1,1,1,1,1,1,1,1,1,1,1,1,1,1,1,1,1,1
Caution (Do Not Stop on Tracks),,,1,4,12,31,47,53,54,60,60,62,62,62,62,63,64,64,64,64,64,64,64,64,64,64,64,64,64,64,64,64,64,64
Checkin' Up on My Baby,,,0,0,0,0,1,1,1,1,1,1,1,1,1,1,1,1,1,1,1,1,1,1,1,1,1,1,1,1,1,1,1,1
Childhood's End,,,0,0,0,0,0,0,0,0,0,0,0,0,0,0,0,0,0,0,0,0,0,0,0,0,0,0,0,0,0,8,13,13
China Cat Sunflower,,,0,0,0,11,44,106,139,204,256,277,277,277,278,278,297,326,350,369,390,407,424,433,451,470,485,501,517,527,541,552,563,565
China Doll,,,0,0,0,0,0,0,0,0,17,28,28,28,31,31,32,44,48,48,56,69,78,82,89,90,94,98,104,109,113,114,114,114
Chinatown Shuffle,,,0,0,0,0,0,0,1,28,28,28,28,28,28,28,28,28,28,28,28,28,28,28,28,28,28,28,28,28,28,28,28,28
Chinese Bones,,,0,0,0,0,0,0,0,0,0,0,0,0,0,0,0,0,0,0,0,0,0,0,0,1,1,1,1,1,1,1,1,1
Clementine,,,0,0,0,4,5,5,5,5,5,5,5,5,5,5,5,5,5,5,5,5,5,5,5,5,5,5,5,5,5,5,5,5
Close Encounters of the Third Kind,,,0,0,0,0,0,0,0,0,0,0,0,0,0,1,1,1,1,1,1,1,1,1,1,1,1,1,1,1,1,1,1,1
Cold Jordan,,,0,0,0,0,1,13,13,13,13,13,13,13,13,13,13,13,13,13,13,13,13,13,13,13,13,13,13,13,13,13,13,13
Cold Rain and Snow,,,1,12,22,22,37,76,88,99,102,103,103,110,112,115,120,129,140,144,152,159,167,173,180,188,199,211,221,228,236,242,246,246
Comes a Time,,,0,0,0,0,0,0,12,21,21,21,21,27,32,33,34,41,41,41,41,41,52,59,61,61,61,62,64,64,65,66,66,66
Corrina,,,0,0,0,0,0,0,0,0,0,0,0,0,0,0,0,0,0,0,0,0,0,0,0,0,0,0,0,20,46,65,81,81
Cosmic Charlie,,,0,0,0,1,21,39,40,40,40,40,40,46,46,46,46,46,46,46,46,46,46,46,46,46,46,46,46,46,46,46,46,46
Cowboy Song,,,0,0,0,0,0,1,1,1,1,1,1,1,1,1,1,1,1,1,1,1,1,1,1,1,1,1,1,1,1,1,1,1
Crazy Fingers,,,0,0,0,0,0,0,0,0,0,0,2,11,11,11,11,11,11,18,19,19,29,33,40,55,70,85,102,112,128,139,145,147
Cream Puff War,,,0,9,10,10,10,10,10,10,10,10,10,10,10,10,10,10,10,10,10,10,10,10,10,10,10,10,10,10,10,10,10,12
Cryptical Envelopment,,,0,0,1,9,24,44,57,58,58,58,58,58,58,58,58,58,58,58,58,58,63,63,63,63,63,63,63,63,63,63,63,65
Cumberland Blues,,,0,0,0,0,15,62,106,129,135,142,142,142,142,142,142,142,153,157,163,169,174,178,190,199,207,210,213,214,218,223,225,229
Dancing in the Street,,,0,6,12,14,21,48,49,49,49,49,49,75,88,102,109,109,110,110,110,116,122,125,126,126,126,126,126,126,126,126,126,126
Dark Hollow,,,0,0,0,0,0,12,14,14,14,14,14,14,14,14,14,31,32,32,32,32,32,32,32,32,32,32,32,32,32,32,32,32
Dark Star,,,0,0,0,36,104,128,140,171,190,197,197,197,197,198,200,200,201,201,201,202,202,202,202,202,206,214,221,227,231,233,233,235
Darling Corey,,,0,0,0,0,0,1,1,1,1,1,1,1,1,1,1,1,1,1,1,1,1,1,1,1,1,1,1,1,1,1,1,1
Day Job,,,0,0,0,0,0,0,0,0,0,0,0,0,0,0,0,0,0,7,16,35,53,57,57,57,57,57,57,57,57,57,57,57
Day Tripper,,,0,0,0,0,0,0,0,0,0,0,0,0,0,0,0,0,0,0,0,1,5,5,5,5,5,5,5,5,5,5,5,5
Day-O (The Banana Boat Song),,,0,0,0,0,0,0,0,0,0,0,0,0,0,0,0,0,0,0,0,0,0,0,2,2,2,2,2,2,2,2,2,2
Days Between,,,0,0,0,0,0,0,0,0,0,0,0,0,0,0,0,0,0,0,0,0,0,0,0,0,0,0,0,0,18,33,42,44
Deal,,,0,0,0,0,0,0,36,75,108,129,130,140,164,191,223,260,278,291,311,324,338,343,355,364,372,380,389,398,405,419,424,426
Dear Mr. Fantasy,,,0,0,0,0,0,0,0,0,0,0,0,0,0,0,0,0,0,0,0,5,12,13,23,40,50,58,58,58,58,58,58,58
Death Don't Have No Mercy,,,0,6,8,23,46,50,50,50,50,50,50,50,50,50,50,50,50,50,50,50,50,50,50,50,53,54,54,54,54,54,54,56
Deep Elem Blues,,,0,1,1,1,1,30,30,30,30,30,30,30,30,30,30,37,45,48,50,50,50,50,50,50,50,50,50,50,50,50,50,50
Desolation Row,,,0,0,0,0,0,0,0,0,0,0,0,0,0,0,0,0,0,0,0,0,0,10,24,27,30,37,43,48,54,57,59,59
Devil With a Blue Dress On,,,0,0,0,0,0,0,0,0,0,0,0,0,0,0,0,0,0,0,0,0,0,0,3,3,3,3,3,3,3,3,3,3
Die Moritat von Mackie Messer (Mack the Knife),,,0,0,0,0,0,0,0,0,0,0,0,0,0,0,0,0,1,1,1,1,1,1,1,1,1,1,1,1,1,1,1,1
Dire Wolf,,,0,0,0,0,22,64,67,72,77,83,83,83,95,122,131,146,157,160,171,185,192,194,198,203,207,209,215,218,223,226,229,229
Do You Wanna Dance?,,,0,0,0,0,0,0,0,0,0,0,0,0,0,0,0,0,0,0,0,0,0,0,1,1,1,1,1,1,1,1,1,1
Doin' That Rag,,,0,0,0,0,38,38,38,38,38,38,38,38,38,38,38,38,38,38,38,38,38,38,38,38,38,38,38,38,38,38,38,38
Don't Ease Me In,,,0,2,4,4,4,20,20,37,61,63,63,63,63,63,84,110,144,157,165,177,196,204,225,243,256,264,273,279,290,308,322,322
Don't Need Love,,,0,0,0,0,0,0,0,0,0,0,0,0,0,0,0,0,0,0,0,10,14,16,16,16,16,16,16,16,16,16,16,16
"Don't Think Twice, It's All Right",,,0,0,0,0,0,0,0,0,0,0,0,0,0,0,0,0,0,0,0,0,0,1,1,1,1,1,1,1,1,1,1,1
Down in the Bottom,,,0,0,0,0,0,0,0,0,0,0,0,0,0,0,0,0,0,0,0,2,9,9,9,9,9,9,9,9,9,9,9,9
Down So Long,,,0,2,2,2,2,2,2,2,2,2,2,2,2,2,2,2,2,2,2,2,2,2,2,2,2,2,2,2,2,2,2,2
Drink Up and Go Home,,,0,0,0,0,0,1,1,1,1,1,1,1,1,1,1,1,1,1,1,1,1,1,1,1,1,1,1,1,1,1,1,1
Dupree's Diamond Blues,,,0,0,0,0,16,16,16,16,16,16,16,16,20,22,22,22,22,30,38,51,67,71,74,77,78,79,79,79,79,81,81,81
Early Morning Rain,,,3,6,6,6,6,6,6,6,6,6,6,6,6,6,6,6,6,6,6,6,6,6,6,6,6,6,6,6,6,6,6,6
Easy Answers,,,0,0,0,0,0,0,0,0,0,0,0,0,0,0,0,0,0,0,0,0,0,0,0,0,0,0,0,0,14,33,46,46
Easy to Love You,,,0,0,0,0,0,0,0,0,0,0,0,0,0,0,21,36,36,36,36,36,36,36,36,36,36,45,45,45,45,45,45,45
Easy Wind,,,0,0,0,0,15,39,42,42,42,42,42,42,42,42,42,42,42,42,42,42,42,42,42,42,42,42,42,42,42,42,42,42
Eighteen Children,,,0,0,0,0,0,0,0,1,1,1,1,1,1,1,1,1,1,1,1,1,1,1,1,1,1,1,1,1,1,1,1,1
El Paso,,,0,0,0,0,0,6,39,106,169,200,200,207,232,255,277,299,322,333,333,336,345,350,355,355,356,357,358,360,361,381,392,392
Empty Pages,,,0,0,0,0,0,0,3,3,3,3,3,3,3,3,3,3,3,3,3,3,3,3,3,3,3,3,3,3,3,3,3,3
Estimated Prophet,,,0,0,0,0,0,0,0,0,0,0,0,0,50,88,116,150,184,205,221,234,249,260,278,297,313,330,344,352,367,382,391,393
Eternity,,,0,0,0,0,0,0,0,0,0,0,0,0,0,0,0,0,0,0,0,0,0,0,0,0,0,0,0,0,17,34,46,46
Everytime You Go Away,,,0,0,0,0,0,0,0,0,0,0,0,0,0,0,0,0,0,0,0,0,0,0,0,1,1,1,1,1,1,1,1,1
Eyes of the World,,,0,0,0,0,0,0,0,0,49,72,73,84,104,129,151,169,190,203,216,229,245,255,270,287,304,321,336,344,355,372,383,385
Far From Me,,,0,0,0,0,0,0,0,0,0,0,0,0,0,0,0,24,25,32,36,41,41,41,57,65,69,73,73,73,73,73,73,73
Feedback,,,0,0,2,24,43,46,46,46,46,46,46,46,46,46,46,46,46,46,46,46,46,46,46,46,46,46,46,46,46,46,46,46
Feel Like a Stranger,,,0,0,0,0,0,0,0,0,0,0,0,0,0,0,0,41,61,69,79,91,99,104,118,134,149,164,173,182,191,201,209,211
Feelin' Groovy Jam,,,0,0,0,0,1,1,1,1,1,1,1,1,1,1,1,1,1,1,1,1,1,1,1,1,1,1,1,1,1,1,1,1
Fever,,,0,0,0,0,0,0,0,0,0,0,0,0,0,0,0,0,0,0,0,0,0,0,1,1,1,1,1,1,1,1,1,1
Fire on the Mountain,,,0,0,0,0,0,0,0,0,0,0,0,0,22,46,66,86,109,122,135,146,154,159,174,186,193,204,217,225,238,248,255,257
Foolish Heart,,,0,0,0,0,0,0,0,0,0,0,0,0,0,0,0,0,0,0,0,0,0,0,0,17,35,52,64,68,74,82,88,90
Forever Young,,,0,0,0,0,0,0,0,0,0,0,0,0,0,0,0,0,0,0,0,0,0,0,0,0,0,0,1,1,1,1,1,1
Foxy Lady,,,0,0,0,0,1,1,1,1,1,1,1,1,1,1,1,1,1,1,1,1,1,1,1,1,1,1,1,1,1,1,1,1
Franklin's Tower,,,0,0,0,0,0,0,0,0,0,0,3,21,31,44,60,77,91,101,117,126,130,133,144,157,171,181,193,198,208,217,222,224
Friend of the Devil,,,0,0,0,0,0,38,38,55,55,59,59,72,92,122,140,162,185,199,214,223,232,236,248,254,262,271,280,287,295,303,308,310
From the Heart of Me,,,0,0,0,0,0,0,0,0,0,0,0,0,0,13,26,26,26,26,26,26,26,26,26,26,26,26,26,26,26,26,26,26
"Funiculì, funiculà",,,0,0,0,0,0,0,0,0,0,0,0,0,6,10,10,10,10,11,13,13,14,14,18,19,20,20,20,20,20,20,20,20
Gathering Flowers for the Master's Bouquet,,,0,0,0,0,1,1,1,1,1,1,1,1,1,1,1,1,1,1,1,1,1,1,1,1,1,1,1,1,1,1,1,1
Gentlemen Start Your Engines,,,0,0,0,0,0,0,0,0,0,0,0,0,0,0,0,0,0,0,0,0,0,0,0,2,2,2,2,2,2,2,2,2
Get Back,,,0,0,0,0,0,0,0,0,0,0,0,0,0,0,0,0,0,0,0,0,0,0,1,1,1,1,1,1,1,1,1,1
Gimme Some Lovin',,,0,0,0,0,0,0,0,0,0,0,0,0,0,0,0,0,0,0,0,2,17,26,44,64,78,87,87,87,87,87,87,87
Gloria,,,0,0,0,0,0,0,0,0,0,0,0,0,0,0,0,0,1,1,1,2,4,4,4,4,4,4,4,8,13,13,15,15
Going Down the Road Feelin' Bad,,,0,0,0,0,0,17,70,110,129,143,145,151,158,165,166,178,190,199,209,217,233,242,251,269,276,285,293,294,297,300,302,302
Good Golly Miss Molly,,,0,0,0,0,0,0,0,0,0,0,0,0,0,0,0,0,0,0,0,0,0,0,2,2,2,2,2,2,2,2,2,2
Good Lovin',,,2,4,4,5,26,91,119,137,137,138,138,140,170,211,247,280,308,325,340,347,357,365,378,384,395,400,409,412,419,428,432,432
"Good Morning, School Girl",,,0,5,16,36,65,69,69,69,69,69,69,69,69,69,69,69,69,69,69,69,69,69,70,71,71,71,71,72,73,73,80,80
Good Times,,,0,0,0,0,0,0,0,0,0,0,0,0,0,0,0,0,0,0,0,0,0,0,0,10,21,29,33,37,41,45,47,47
"Goodnight, Irene",,,0,0,0,0,0,0,0,0,0,0,0,0,0,0,0,0,0,0,1,1,1,1,1,1,1,1,1,1,1,1,1,1
Got My Mojo Working,,,0,0,0,0,0,0,0,0,0,0,0,0,1,3,3,3,3,3,3,3,3,3,3,3,3,3,3,3,3,3,3,3
Greatest Story Ever Told,,,0,0,0,0,0,0,20,65,96,107,107,107,107,107,115,134,154,168,181,192,201,208,220,228,238,246,257,264,271,280,284,284
Green Onions,,,0,0,0,0,0,0,0,0,0,0,0,0,0,0,0,0,0,0,0,0,0,0,0,1,1,1,1,1,1,1,1,1
Green River,,,0,0,0,0,0,0,0,0,0,0,0,0,0,0,0,0,0,0,0,0,0,0,0,0,0,0,1,1,1,1,1,1
"Green, Green Grass of Home",,,0,0,0,0,5,6,6,6,6,6,6,6,6,6,6,6,6,6,6,6,6,6,6,6,6,6,6,6,6,6,6,6
Happy Birthday to You,,,0,0,0,0,0,0,0,0,0,0,0,0,0,0,0,0,0,0,0,0,0,0,1,3,3,3,3,3,3,3,3,3
Hard to Handle,,,0,0,0,0,36,77,115,115,115,115,115,115,115,115,115,115,115,117,117,117,117,117,117,117,117,117,117,117,117,117,117,117
He Was a Friend of Mine,,,1,4,6,8,21,22,22,22,22,22,22,22,22,22,22,22,22,22,22,22,22,22,22,22,22,22,22,22,22,22,22,22
He's Gone,,,0,0,0,0,0,0,0,46,71,79,79,80,90,101,119,137,158,169,181,194,208,218,235,243,254,269,281,290,305,321,329,331
Heads Up,,,0,2,2,2,2,2,2,2,2,2,2,2,2,2,2,2,2,2,2,2,2,2,2,2,2,2,2,2,2,2,2,2
Heaven Help the Fool,,,0,0,0,0,0,0,0,0,0,0,0,0,0,0,0,17,17,17,17,17,17,17,17,17,17,17,17,17,17,17,17,17
Hell in a Bucket,,,0,0,0,0,0,0,0,0,0,0,0,0,0,0,0,0,0,0,25,52,73,83,114,138,155,171,183,190,201,211,218,220
"Help Me, Rhonda",,,0,0,0,0,0,0,1,1,1,1,1,1,1,1,1,1,1,1,1,1,1,1,1,1,1,1,1,1,1,1,1,1
Help on the Way,,,0,0,0,0,0,0,0,0,0,0,3,20,27,27,27,27,27,27,43,52,54,54,54,54,59,69,82,87,97,106,111,113
Here Comes Sunshine,,,0,0,0,0,0,0,0,0,32,33,33,33,33,33,33,33,33,33,33,33,33,33,33,33,33,33,33,36,47,58,67,67
Hey Jude,,,0,0,0,0,2,2,2,2,2,2,2,2,2,2,2,2,2,2,2,2,3,3,3,17,26,30,30,30,30,30,30,30
Hey Little One,,,0,4,4,4,4,4,4,4,4,4,4,4,4,4,4,4,4,4,4,4,4,4,4,4,4,4,4,4,4,4,4,4
Hey Pocky A-Way,,,0,0,0,0,0,0,0,0,0,0,0,0,0,0,0,0,0,0,0,0,0,0,8,15,22,25,25,25,25,25,25,25
Hey! Bo Diddley,,,0,0,0,0,0,1,1,5,5,5,5,5,5,5,5,5,5,5,5,5,5,6,6,6,6,6,7,7,7,7,7,7
Hi-Heel Sneakers,,,0,1,1,1,3,3,3,3,3,3,3,3,3,3,3,3,3,3,3,3,3,3,3,3,3,3,3,3,3,3,3,3
Hide Away,,,0,0,0,0,0,0,1,1,1,1,1,1,1,1,1,1,1,1,1,1,1,1,1,1,2,2,2,2,2,2,2,2
High Time,,,0,0,0,0,35,60,60,60,60,60,60,69,72,72,78,86,92,95,95,97,102,104,110,111,111,117,123,124,128,131,132,132
How Long Blues,,,0,0,0,0,0,4,4,4,4,4,4,4,4,4,4,4,4,4,4,4,4,4,4,4,5,5,5,5,5,5,5,5
How Sweet It Is (To Be Loved by You),,,0,0,0,0,0,0,0,1,1,1,1,1,1,1,1,1,1,1,1,1,1,1,1,1,1,1,1,1,1,1,1,1
Hully Gully,,,0,0,0,0,0,0,0,0,0,0,0,0,0,0,0,0,1,1,1,1,1,1,1,1,1,1,1,1,1,1,1,1
I Ain't Superstitious,,,0,0,0,0,0,0,0,0,0,0,0,0,0,0,0,0,0,0,0,2,9,9,9,9,9,9,9,9,9,9,9,9
I Fought the Law,,,0,0,0,0,0,0,0,0,0,0,0,0,0,0,0,0,0,0,0,0,0,0,0,0,0,0,0,0,22,34,37,37
I Just Want to Make Love to You,,,0,1,1,1,1,1,1,1,1,1,1,1,1,1,1,1,1,1,1,3,3,3,3,3,3,3,3,3,3,3,4,4
I Know It's a Sin,,,0,6,6,7,15,16,16,16,16,17,17,17,17,17,17,17,17,17,17,17,17,17,17,17,17,17,17,17,17,17,17,17
I Know You Rider,,,2,13,13,13,35,107,140,204,257,278,278,278,279,279,298,327,351,370,391,408,425,434,452,471,487,503,519,529,543,554,565,567
I Need a Miracle,,,0,0,0,0,0,0,0,0,0,0,0,0,0,19,45,56,64,69,74,86,99,109,128,154,172,193,212,225,243,262,273,275
I Second That Emotion,,,0,0,0,0,0,0,7,7,7,7,7,7,7,7,7,7,7,7,7,7,7,7,7,7,7,7,7,7,7,7,7,7
I Want to Tell You,,,0,0,0,0,0,0,0,0,0,0,0,0,0,0,0,0,0,0,0,0,0,0,0,0,0,0,0,0,0,5,7,7
I Washed My Hands in Muddy Water,,,0,0,0,0,0,0,1,1,1,1,1,1,1,1,1,1,1,1,1,1,1,1,1,1,1,1,1,1,1,1,1,1
I Will Take You Home,,,0,0,0,0,0,0,0,0,0,0,0,0,0,0,0,0,0,0,0,0,0,0,0,10,29,34,34,34,34,34,34,34
I'll Go Crazy,,,0,2,2,2,2,2,2,2,2,2,2,2,2,2,2,2,2,2,2,2,2,2,2,2,2,2,2,2,2,2,2,2
I'm a Hog for You,,,1,4,4,4,4,4,5,5,5,5,5,5,5,5,5,5,5,5,5,5,5,5,5,5,5,5,5,5,5,5,5,5
I'm a King Bee,,,0,5,8,8,21,31,39,39,39,39,39,39,39,39,39,39,39,39,39,39,39,39,39,39,39,39,39,39,40,41,41,41
I'm a Man,,,0,0,0,0,0,0,0,1,1,1,1,1,1,1,1,1,1,1,1,1,1,1,1,1,2,2,2,2,2,2,2,2
I've Got a Mind to Give Up Living,,,0,0,0,0,0,0,0,0,0,0,0,0,0,0,0,0,0,1,1,1,1,1,1,1,1,1,1,1,1,1,1,1
I've Seen Them All,,,0,0,0,0,0,0,0,1,1,1,1,1,1,1,1,1,1,1,1,1,1,1,1,1,1,1,1,1,1,1,1,1
If I Had the World to Give,,,0,0,0,0,0,0,0,0,0,0,0,0,0,3,3,3,3,3,3,3,3,3,3,3,3,3,3,3,3,3,3,3
If the Shoe Fits,,,0,0,0,0,0,0,0,0,0,0,0,0,0,0,0,0,0,0,0,0,0,0,0,0,0,0,0,0,0,15,17,17
Iko Iko,,,0,0,0,0,0,0,0,0,0,0,0,0,4,10,12,17,20,25,28,41,51,63,88,107,123,133,145,152,164,177,188,188
In the Midnight Hour,,,1,9,16,20,22,27,30,30,30,30,30,30,30,30,30,30,30,31,32,33,40,45,47,48,49,49,50,51,52,55,55,55
In the Pines,,,0,1,1,1,1,1,1,1,1,1,1,1,1,1,1,1,1,1,1,1,1,1,1,1,1,1,1,1,1,1,1,1
It Hurts Me Too,,,0,3,9,16,22,31,45,59,59,59,59,59,59,59,59,59,59,59,59,59,59,59,59,59,59,59,59,59,59,59,59,59
It Must Have Been the Roses,,,0,0,0,0,0,0,0,0,0,31,33,46,56,74,76,92,107,115,119,124,127,131,138,142,143,147,151,153,156,158,160,160
"It Takes a Lot to Laugh, It Takes a Train to Cry",,,0,0,0,0,0,0,0,0,1,1,1,1,1,1,1,1,1,1,1,1,1,1,1,1,1,1,6,7,7,7,7,7
It's a Man's Man's Man's World,,,0,0,0,0,0,12,12,12,12,12,12,12,12,12,12,12,12,12,12,12,12,12,12,12,12,12,12,12,12,12,12,12
It's All Over Now,,,0,0,0,0,1,2,2,2,2,2,2,9,13,30,49,56,59,71,78,83,93,96,106,112,116,124,130,138,145,155,160,160
"It's All Over Now, Baby Blue",,,0,9,11,11,18,21,21,23,23,24,24,24,24,24,24,24,33,45,59,72,86,94,102,106,115,124,136,137,138,144,145,145
It's All Too Much,,,0,0,0,0,0,0,0,0,0,0,0,0,0,0,0,0,0,0,0,0,0,0,0,0,0,0,0,0,0,0,10,10
It's My Own Fault,,,0,1,1,1,1,1,1,1,1,1,1,1,1,1,1,1,1,1,1,1,1,1,1,1,1,1,1,1,1,1,1,1
Jack Straw,,,0,0,0,0,0,0,27,88,140,172,172,172,197,230,259,282,303,315,330,344,356,364,381,394,406,418,432,440,452,467,477,479
Jack-A-Roe,,,0,0,0,0,0,0,0,0,0,0,0,0,7,8,21,35,50,52,52,53,55,55,55,57,67,79,87,93,99,112,117,117
Jam,,,0,1,1,4,13,18,19,24,25,28,28,28,28,30,31,33,54,56,56,57,57,58,58,58,59,65,68,69,72,72,75,75
John's Other,,,0,0,0,0,0,1,1,1,1,1,1,1,1,1,1,1,1,1,1,1,1,1,1,1,1,1,1,1,1,1,1,1
Johnny B. Goode,,,0,0,0,0,1,1,46,64,81,90,91,103,115,136,155,182,199,210,219,228,235,241,245,247,253,254,259,261,269,278,281,281
Just a Little Light,,,0,0,0,0,0,0,0,0,0,0,0,0,0,0,0,0,0,0,0,0,0,0,0,0,12,21,21,21,21,21,21,21
Just Like Tom Thumb's Blues,,,0,0,0,0,0,0,0,0,0,0,0,0,0,0,0,0,0,0,0,0,5,8,11,12,15,19,25,32,45,53,59,59
K.C. Loving,,,0,0,0,0,0,0,0,0,0,0,0,0,0,0,0,0,0,0,0,0,2,2,3,3,3,3,3,3,3,3,3,3
K.C. Moan,,,0,0,0,0,0,0,0,0,0,0,0,0,0,0,0,0,0,0,0,0,0,0,0,0,0,0,0,0,0,1,1,1
Katie Mae,,,0,0,0,0,0,12,12,12,12,12,12,12,12,12,12,12,12,12,12,12,12,12,12,12,12,12,12,12,12,12,12,12
Keep On Growing,,,0,0,0,0,0,0,0,0,0,0,0,0,0,0,0,0,0,0,0,0,3,4,4,4,4,4,4,4,4,4,4,4
King Solomon's Marbles,,,0,0,0,0,0,0,0,0,0,0,1,1,1,1,1,1,1,1,1,1,1,1,1,1,1,1,1,1,1,1,1,1
Knockin' on Heaven's Door,,,0,0,0,0,0,0,0,0,0,0,0,0,0,0,0,0,0,0,0,0,0,0,9,25,36,48,59,65,70,72,72,72
La bamba,,,0,0,0,0,0,1,1,1,1,1,1,1,1,1,1,1,1,1,1,1,1,1,5,5,5,5,5,5,5,5,5,5
Lady Di and I,,,0,0,0,0,0,0,0,0,0,0,0,0,0,0,0,0,2,2,2,2,2,2,2,2,2,2,2,2,2,2,2,2
Lazy Lightning,,,0,0,0,0,0,0,0,0,0,0,0,24,43,63,77,89,95,101,108,111,111,111,111,111,111,111,111,111,111,111,111,111
Lazy River Road,,,0,0,0,0,0,0,0,0,0,0,0,0,0,0,0,0,0,0,0,0,0,0,0,0,0,0,0,0,29,55,70,70
Let It Grow,,,0,0,0,0,0,0,0,0,2,3,3,19,27,34,37,53,76,93,104,114,129,140,156,171,182,193,205,212,219,226,231,233
Let It Rock,,,0,0,0,0,0,0,0,0,0,1,1,1,1,1,1,1,1,1,1,1,1,1,1,1,1,1,1,1,1,1,1,1
Let Me In,,,0,0,0,0,0,2,2,2,2,2,2,2,2,2,2,2,2,2,2,2,2,2,2,2,2,2,2,2,2,2,2,2
Let Me Sing Your Blues Away,,,0,0,0,0,0,0,0,0,6,6,6,6,6,6,6,6,6,6,6,6,6,6,6,6,6,6,6,6,6,6,6,6
Liberty,,,0,0,0,0,0,0,0,0,0,0,0,0,0,0,0,0,0,0,0,0,0,0,0,0,0,0,0,0,25,47,59,61
Little Red Rooster,,,2,2,2,2,2,2,2,2,2,2,2,2,2,2,2,25,65,90,112,128,142,153,176,195,209,220,235,243,255,267,276,278
Little Sadie,,,0,0,0,0,2,6,6,6,6,6,6,6,6,6,6,7,7,7,7,7,7,7,7,7,7,7,7,7,7,7,7,7
Long Black Limousine,,,0,0,0,0,2,5,5,5,5,5,5,5,5,5,5,5,5,5,5,5,5,5,5,5,5,5,5,5,5,5,5,5
Long Tall Sally,,,0,0,0,0,0,0,0,0,0,0,0,0,0,0,0,0,0,0,0,0,0,0,0,1,1,1,1,1,1,1,1,1
Look on Yonder Wall,,,0,1,1,2,2,2,2,2,2,2,2,2,2,2,2,2,2,2,2,2,2,2,2,2,2,2,2,2,2,2,2,2
Looks Like Rain,,,0,0,0,0,0,0,0,11,61,61,61,93,119,153,184,215,244,261,276,293,314,325,341,355,368,380,389,394,402,411,416,416
Loose Lucy,,,0,0,0,0,0,0,0,0,22,34,34,34,34,34,34,34,34,34,34,34,34,34,34,34,34,45,53,60,74,89,101,103
Loser,,,0,0,0,0,0,0,58,98,123,133,133,142,160,178,192,212,226,239,252,263,268,274,285,294,302,313,324,330,339,347,353,355
Lost Sailor,,,0,0,0,0,0,0,0,0,0,0,0,0,0,0,25,75,112,126,131,136,143,145,145,145,145,145,145,145,145,145,145,147
Louie Louie,,,0,0,1,1,2,2,2,2,2,2,2,2,2,2,2,2,2,2,2,2,2,2,2,7,8,8,8,8,8,8,8,8
Love the One You're With,,,0,0,0,0,0,0,0,0,0,0,0,0,0,0,0,0,0,0,1,1,1,1,1,1,1,1,1,1,1,1,1,1
Lucifer's Eyes,,,0,0,0,0,0,0,0,0,0,0,0,0,0,0,0,0,2,2,2,2,2,2,2,2,2,2,2,2,2,2,2,2
Lucy in the Sky With Diamonds,,,0,0,0,0,0,0,0,0,0,0,0,0,0,0,0,0,0,0,0,0,0,0,0,0,0,0,0,0,9,13,22,22
Maggie's Farm,,,0,0,0,0,0,0,0,0,0,0,0,0,0,0,0,0,0,0,0,0,0,0,3,3,3,9,21,30,34,39,40,40
Mama Tried,,,0,0,0,0,28,72,83,83,83,85,85,103,115,140,170,194,215,229,238,242,253,259,267,272,277,285,289,290,291,295,300,300
"Man Smart, Woman Smarter",,,0,0,0,0,0,0,0,0,0,0,0,0,0,0,0,0,12,35,53,68,86,95,116,132,148,160,170,177,187,196,200,200
Mannish Boy,,,0,0,0,0,0,0,1,1,1,1,1,1,1,1,1,1,1,1,1,1,1,1,1,1,1,1,1,1,1,1,1,1
Marriott USA,,,0,0,0,0,0,0,0,0,0,0,0,0,0,0,0,0,1,1,1,1,1,1,1,1,1,1,1,1,1,1,1,1
Mason's Children,,,0,0,0,0,7,19,19,19,19,19,19,19,19,19,19,19,19,19,19,19,19,19,19,19,19,19,19,19,19,19,19,21
"Matilda, Matilda",,,0,0,0,0,0,0,0,0,0,0,0,0,0,0,0,0,0,0,0,0,0,0,0,0,0,0,0,0,0,1,7,7
Maybe You Know How I Feel,,,0,0,0,0,0,0,0,0,0,0,0,0,0,0,0,0,0,0,5,5,5,6,6,6,6,6,6,6,6,6,6,6
Me and Bobby McGee,,,0,0,0,0,0,4,63,87,109,120,120,120,120,120,120,120,123,123,123,123,123,123,123,123,123,123,123,123,123,123,123,123
Me and My Uncle,,,0,3,6,6,45,115,178,238,287,314,315,315,330,363,392,418,449,468,486,499,513,525,547,562,569,584,595,602,609,621,629,631
Mexicali Blues,,,0,0,0,0,0,0,26,80,137,169,169,169,176,200,232,263,290,307,324,336,347,358,380,389,396,407,417,423,427,433,438,438
Might as Well,,,0,0,0,0,0,0,0,0,0,0,0,19,24,24,26,26,37,45,60,79,93,98,102,104,104,104,110,110,110,111,111,111
Mind Left Body,,,0,0,0,0,0,0,0,0,4,7,7,7,7,7,7,7,7,7,8,8,8,8,8,8,8,9,9,9,9,9,9,9
Mindbender,,,1,4,4,4,4,4,4,4,4,4,4,4,4,4,4,4,4,4,4,4,4,4,4,4,4,4,4,4,4,4,4,4
Minglewood Blues,,,0,5,8,8,10,20,22,22,22,22,22,38,71,110,152,192,227,250,277,295,313,325,349,368,380,393,404,411,421,430,436,438
Mission in the Rain,,,0,0,0,0,0,0,0,0,0,0,0,5,5,5,5,5,5,5,5,5,5,5,5,5,5,5,5,5,5,5,5,5
Mississippi Half-Step Uptown Toodeloo,,,0,0,0,0,0,0,0,25,59,74,74,82,101,116,126,133,140,145,145,145,157,165,176,186,193,204,213,217,224,231,237,239
Mona,,,0,0,0,0,0,0,0,1,1,1,1,1,1,1,1,1,1,1,1,1,1,1,1,1,1,1,2,2,2,2,2,2
Money Money,,,0,0,0,0,0,0,0,0,0,3,3,3,3,3,3,3,3,3,3,3,3,3,3,3,3,3,3,3,3,3,3,3
Morning Dew,,,0,0,10,26,64,85,93,108,123,129,129,132,137,138,139,143,150,158,165,174,181,183,200,213,222,230,238,247,255,263,268,270
Mountain Jam,,,0,0,0,0,0,1,1,1,1,1,1,1,1,1,1,1,1,1,1,1,1,1,1,1,1,1,1,1,1,1,1,1
Mountains of the Moon,,,0,0,0,1,12,12,12,12,12,12,12,12,12,12,12,12,12,12,12,12,12,12,12,12,12,12,12,12,12,12,12,14
Mr. Charlie,,,0,0,0,0,0,0,20,51,51,51,51,51,51,51,51,51,51,51,51,51,51,51,51,51,51,51,51,51,51,51,51,51
My Babe,,,0,0,0,0,0,1,1,1,1,1,1,1,1,1,1,1,1,1,1,1,1,1,1,1,1,1,1,1,1,1,1,1
My Baby Left Me,,,0,0,0,0,0,0,0,0,0,0,0,0,0,0,0,0,0,0,0,0,0,1,1,1,1,1,1,1,1,1,1,1
My Brother Esau,,,0,0,0,0,0,0,0,0,0,0,0,0,0,0,0,0,0,0,34,60,77,85,104,104,104,104,104,104,104,104,104,104
Mystery Train,,,0,0,0,0,0,1,1,1,1,1,1,1,1,1,1,1,1,1,1,1,1,1,1,1,1,1,1,1,1,1,1,1
Neighborhood Girls,,,0,0,0,0,0,0,0,0,0,0,0,0,0,0,0,0,0,0,0,0,0,0,0,1,1,1,1,1,1,1,1,1
Never Trust a Woman,,,0,0,0,0,0,0,0,0,0,0,0,0,0,0,0,0,10,17,17,19,21,23,29,36,39,42,42,42,42,42,42,42
New Orleans,,,0,1,1,1,2,3,3,3,3,3,3,3,3,3,3,3,3,3,3,4,4,4,4,4,4,4,4,4,4,4,4,4
New Potato Caboose,,,1,1,6,28,32,32,32,32,32,32,32,32,32,32,32,32,32,32,32,32,32,32,32,32,32,32,32,32,32,32,32,34
New Speedway Boogie,,,0,0,0,0,3,23,23,23,23,23,23,23,23,23,23,23,23,23,23,23,23,23,23,23,23,23,33,39,41,48,56,56
Next Time You See Me,,,0,10,11,13,21,29,61,82,82,82,82,82,82,82,82,82,82,82,82,82,82,82,82,82,82,82,82,82,82,82,82,82
Nobody's Fault but Mine,,,0,1,1,1,1,2,2,4,13,19,19,19,20,22,23,24,25,25,26,27,28,28,28,28,28,28,29,29,30,31,31,31
Not Fade Away,,,0,0,0,0,5,60,111,146,152,161,162,176,202,232,259,284,306,329,353,374,393,408,431,452,470,486,503,512,525,539,553,555
Off the Hook,,,1,1,1,1,1,1,1,1,1,1,1,1,1,1,1,1,1,1,1,1,1,1,1,1,1,1,1,1,1,1,1,1
"Oh Babe, It Ain't No Lie",,,0,0,0,0,0,0,0,0,0,0,0,0,0,0,0,11,14,14,14,15,15,15,15,15,15,15,15,15,15,15,15,15
"Oh, Boy!",,,0,1,1,1,1,1,2,2,2,2,2,2,2,2,2,2,5,5,5,5,5,5,5,5,5,5,5,5,5,5,5,5
Okie From Muskogee,,,0,0,0,0,0,0,1,1,1,1,1,1,1,1,1,1,1,1,1,1,1,1,1,1,1,1,1,1,1,1,1,1
Ole Slew-Foot,,,0,0,0,0,7,7,7,7,7,7,7,7,7,7,7,7,7,7,7,7,7,7,7,7,7,7,7,7,7,7,7,7
Ollin Arageed,,,0,0,0,0,0,0,0,0,0,0,0,0,0,8,9,9,9,9,9,9,9,9,9,9,9,9,9,9,9,9,9,9
On the Road Again,,,0,5,5,5,5,5,5,5,5,5,5,5,5,5,5,27,34,41,42,43,43,43,43,43,43,43,43,43,43,43,43,43
One Kind Favor,,,0,1,1,1,1,1,1,1,1,1,1,1,1,1,1,1,1,1,1,1,1,1,1,1,1,1,1,1,1,1,1,1
One More Saturday Night,,,0,0,0,0,0,0,26,76,100,118,119,128,142,156,169,184,203,214,229,240,249,254,261,271,278,290,301,309,320,330,339,341
Only a Fool,,,0,0,0,0,0,0,0,0,0,0,0,0,0,0,0,0,0,0,0,1,1,1,1,1,1,1,1,1,1,1,1,1
Operator,,,0,0,0,0,0,4,4,4,4,4,4,4,4,4,4,4,4,4,4,4,4,4,4,4,4,4,4,4,4,4,4,4
Overseas Stomp (The Lindy),,,0,3,3,3,3,3,3,3,3,3,3,3,3,3,3,3,3,3,3,3,3,3,3,3,3,3,3,3,3,3,3,3
Pain in My Heart,,,0,2,2,2,2,2,2,2,2,2,2,2,2,2,2,2,2,2,2,2,2,2,2,2,2,2,2,2,2,2,2,2
Parchman Farm,,,0,2,2,2,2,2,2,2,2,2,2,2,2,2,2,2,2,2,2,2,2,2,2,2,2,2,2,2,2,2,2,2
Passenger,,,0,0,0,0,0,0,0,0,0,0,0,0,18,48,71,84,98,98,98,98,98,98,98,98,98,98,98,98,98,98,98,100
Peggy Sue,,,0,0,0,0,1,1,1,1,1,1,1,1,1,1,1,1,1,1,1,1,1,1,1,1,1,1,1,1,1,1,1,1
Peggy-O,,,0,0,0,0,0,0,0,0,3,11,12,20,47,78,102,128,149,160,170,175,184,188,195,201,207,215,228,235,244,257,267,267
Phil Solo,,,0,0,0,0,0,0,0,0,0,0,0,0,1,1,1,1,1,1,1,1,1,1,1,1,1,1,1,1,1,1,1,1
Philo Stomp,,,0,0,0,0,0,0,0,1,1,1,1,1,1,1,1,1,1,1,1,1,1,1,1,1,1,1,1,1,1,1,1,1
Picasso Moon,,,0,0,0,0,0,0,0,0,0,0,0,0,0,0,0,0,0,0,0,0,0,0,0,0,6,23,39,50,62,74,78,78
Playing in the Band,,,0,0,0,0,0,0,65,143,194,215,215,230,248,273,296,318,336,358,377,397,417,431,455,479,500,524,547,560,580,598,608,610
Pollution,,,0,0,0,0,0,0,0,1,1,1,1,1,1,1,1,1,1,1,1,1,1,1,1,1,1,1,1,1,1,1,1,1
Prisoner Blues,,,0,0,0,1,1,1,1,1,1,1,1,1,1,1,1,1,1,1,1,1,1,1,1,1,1,1,1,1,1,1,1,1
Promised Land,,,0,0,0,0,0,0,6,60,109,134,134,160,182,206,231,261,275,284,293,301,310,315,333,342,354,369,383,392,406,419,435,435
Proud Mary,,,0,0,0,0,0,0,0,0,0,0,0,0,0,0,0,0,0,0,0,0,0,0,0,0,0,0,1,1,1,1,1,1
Queen Jane Approximately,,,0,0,0,0,0,0,0,0,0,0,0,0,0,0,0,0,0,0,0,0,0,0,2,23,44,64,79,89,105,117,126,126
Quinn the Eskimo (The Mighty Quinn),,,0,0,0,0,0,0,0,0,0,0,0,0,0,0,0,0,0,0,0,0,1,10,24,34,40,43,50,53,53,55,60,60
Rain,,,0,0,0,0,0,0,0,0,0,0,0,0,0,0,0,0,0,0,0,0,0,0,0,0,0,0,0,2,9,16,22,22
Rainy Day Women #12 & 35,,,0,0,0,0,0,0,0,0,0,0,0,0,0,0,0,0,0,0,0,0,0,0,0,0,0,0,0,0,0,1,1,1
Ramble On Rose,,,0,0,0,0,0,0,23,67,90,100,100,106,122,133,142,157,168,179,190,202,211,216,227,236,247,260,272,279,293,310,322,322
Raven Space,,,0,0,0,0,0,0,0,0,0,0,0,0,0,0,0,0,0,1,1,1,1,1,1,1,1,1,1,1,1,1,1,1
Revolution,,,0,0,0,0,0,0,0,0,0,0,0,0,0,0,0,0,0,0,4,6,9,9,9,9,9,11,11,11,11,11,11,11
Revolutionary Hamstrung Blues,,,0,0,0,0,0,0,0,0,0,0,0,0,0,0,0,0,0,0,0,0,0,1,1,1,1,1,1,1,1,1,1,1
Riot in Cell Block #9,,,0,0,0,0,0,0,1,1,1,1,1,1,1,1,1,1,1,1,1,1,1,1,1,1,1,1,1,1,1,1,1,1
Ripple,,,0,0,0,0,0,7,11,11,11,11,11,11,11,11,11,38,40,40,40,40,40,40,40,41,41,41,41,41,41,41,41,43
Roberta,,,0,0,0,0,0,2,2,2,2,2,2,2,2,2,2,2,2,2,2,2,2,2,2,2,2,2,2,2,2,2,2,2
Rockin' Pneumonia and the Boogie Woogie Flu,,,0,0,0,0,0,0,0,5,5,5,5,5,5,5,5,5,5,5,5,5,5,5,5,5,5,5,5,5,5,5,5,5
Rollin' and Tumblin',,,0,0,0,0,0,0,0,0,0,0,0,0,0,0,0,0,0,0,0,0,0,0,0,0,0,0,0,0,0,0,4,4
Rosa Lee McFall,,,0,0,0,0,0,10,10,10,10,10,10,10,10,10,10,18,18,18,18,18,18,18,18,18,18,18,18,18,18,18,18,18
Rosemary,,,0,0,0,1,1,1,1,1,1,1,1,1,1,1,1,1,1,1,1,1,1,1,1,1,1,1,1,1,1,1,1,1
Row Jimmy,,,0,0,0,0,0,0,0,0,59,86,86,104,115,128,136,146,150,153,155,161,168,176,193,208,221,233,243,250,260,267,273,275
Rubin and Cherise,,,0,0,0,0,0,0,0,0,0,0,0,0,0,0,0,0,0,0,0,0,0,0,0,0,0,0,4,4,4,4,4,4
Run Rudolph Run,,,0,0,0,0,0,0,7,7,7,7,7,7,7,7,7,7,7,7,7,7,7,7,7,7,7,7,7,7,7,7,7,7
Sage and Spirit,,,0,0,0,0,0,0,0,0,0,0,1,1,1,1,1,2,2,2,2,2,2,2,2,2,2,2,2,2,2,2,2,2
Saint of Circumstance,,,0,0,0,0,0,0,0,0,0,0,0,0,0,0,21,76,114,128,133,138,145,151,158,159,161,165,181,189,201,215,225,227
Salt Lake City,,,0,0,0,0,0,0,0,0,0,0,0,0,0,0,0,0,0,0,0,0,0,0,0,0,0,0,0,0,0,0,1,1
Samba in the Rain,,,0,0,0,0,0,0,0,0,0,0,0,0,0,0,0,0,0,0,0,0,0,0,0,0,0,0,0,0,0,22,45,45
Samson and Delilah,,,0,0,0,0,0,0,0,0,0,0,0,39,80,116,141,164,191,211,228,243,260,269,282,293,303,312,321,326,341,355,367,369
Sawmill,,,0,0,0,0,0,3,3,3,3,3,3,3,3,3,3,3,3,3,3,3,3,3,3,3,3,3,3,3,3,3,3,3
Scarlet Begonias,,,0,0,0,0,0,0,0,0,0,28,28,48,73,96,116,135,158,171,184,198,209,213,230,244,256,270,282,290,302,311,318,320
Searchin',,,0,0,0,0,1,2,3,3,3,3,3,3,3,3,3,3,3,3,3,3,3,3,3,3,3,3,3,3,3,3,3,3
Seasons of My Heart,,,0,0,0,0,1,5,5,5,5,5,5,5,5,5,5,5,5,5,5,5,5,5,5,5,5,5,5,5,5,5,5,5
Seastones,,,0,0,0,0,0,0,0,0,0,5,5,5,5,5,5,5,5,5,5,5,5,5,5,5,5,5,5,5,5,5,5,5
See See Rider Blues,,,0,0,0,0,0,0,0,0,0,0,0,0,0,0,2,13,45,64,71,88,103,115,119,119,120,120,126,127,127,127,127,127
See That My Grave Is Kept Clean,,,0,4,4,4,4,4,4,4,4,4,4,4,4,4,4,4,4,4,4,4,4,4,4,4,4,4,4,4,4,4,4,4
Shakedown Street,,,0,0,0,0,0,0,0,0,0,0,0,0,0,13,38,46,67,79,90,100,107,111,119,124,130,137,143,147,152,159,165,167
She Belongs to Me,,,0,2,2,2,2,2,2,2,2,2,2,2,2,2,2,2,2,2,2,2,11,11,11,11,11,11,11,11,11,11,11,11
She's Mine,,,0,0,0,0,0,3,3,3,3,3,3,3,3,3,3,3,3,3,3,3,3,3,3,3,3,3,3,3,3,3,3,3
Ship of Fools,,,0,0,0,0,0,0,0,0,0,25,25,33,43,66,81,98,114,124,130,137,144,149,164,175,185,192,203,209,217,221,224,224
Sick and Tired,,,0,3,3,3,3,3,3,3,3,3,3,3,3,3,3,3,3,3,3,3,3,3,3,3,3,3,3,3,3,3,3,3
Silver Threads and Golden Needles,,,0,2,2,2,9,19,19,19,19,19,19,19,19,19,19,19,19,19,19,19,19,19,19,19,19,19,19,19,19,19,19,19
Sing Me Back Home,,,0,0,0,0,0,0,15,36,39,39,39,39,39,39,39,39,39,39,39,39,39,39,39,39,39,39,39,39,39,39,39,39
Sitting on Top of the World,,,0,6,6,8,31,38,41,45,45,45,45,45,45,45,45,45,45,45,45,45,45,45,45,45,45,45,45,45,45,45,45,45
Slipknot!,,,0,0,0,0,0,0,0,0,0,1,4,21,28,28,28,28,28,28,44,53,55,55,55,55,60,70,83,88,98,107,112,114
Slow Blues,,,0,0,0,0,0,0,0,1,1,1,1,1,1,1,1,1,1,1,1,1,1,1,1,1,1,1,1,1,1,1,1,1
Smokestack Lightning,,,0,1,3,4,8,12,17,18,18,18,18,18,18,18,18,18,18,18,19,22,32,39,41,44,47,49,53,56,60,62,62,62
So Many Roads,,,0,0,0,0,0,0,0,0,0,0,0,0,0,0,0,0,0,0,0,0,0,0,0,0,0,0,0,18,32,46,57,57
So Sad (to Watch Good Love Go Bad),,,0,0,0,0,0,1,1,1,1,1,1,1,1,1,1,1,1,1,1,1,1,1,1,1,1,1,1,1,1,1,1,1
So What,,,0,0,0,0,0,0,0,0,0,0,0,0,0,0,0,0,0,0,0,0,0,0,0,1,1,1,1,1,1,1,1,1
Spanish Jam,,,0,0,0,5,5,6,6,6,8,15,15,16,16,16,16,16,26,29,35,39,40,41,42,42,42,42,42,44,45,48,50,50
Spoonful,,,0,0,0,0,0,0,0,0,0,0,0,0,0,0,0,0,1,1,4,9,17,19,22,22,24,29,33,39,46,52,52,52
St. Stephen,,,0,0,0,20,85,127,138,138,138,138,138,150,164,168,169,169,169,169,172,172,172,172,172,172,172,172,172,172,172,172,172,174
Stagger Lee,,,0,0,0,0,0,0,0,0,0,0,0,0,0,23,48,48,48,50,50,50,63,71,79,88,97,104,113,121,131,142,147,147
Stander on the Mountain,,,0,0,0,0,0,0,0,0,0,0,0,0,0,0,0,0,0,0,0,0,0,0,0,0,0,3,3,3,3,3,3,3
Standing on the Corner,,,0,4,4,4,4,4,4,4,4,4,4,4,4,4,4,4,4,4,4,4,4,4,4,4,4,4,4,4,4,4,4,4
Standing on the Moon,,,0,0,0,0,0,0,0,0,0,0,0,0,0,0,0,0,0,0,0,0,0,0,0,0,15,25,35,41,51,67,78,80
Stealin',,,1,9,9,9,9,9,9,9,9,9,9,9,9,9,9,9,9,9,9,9,9,9,9,9,9,9,9,9,9,9,9,9
Stella Blue,,,0,0,0,0,0,0,0,19,49,59,59,68,77,87,103,119,140,154,165,177,188,198,216,233,249,268,281,291,304,319,328,330
Stir It Up,,,0,0,0,0,0,0,0,0,0,0,0,0,0,0,0,0,0,0,0,0,0,0,0,1,1,1,3,3,3,3,3,3
Stronger Than Dirt,,,0,0,0,0,0,0,0,0,0,1,4,5,5,5,5,5,5,5,5,5,5,5,5,5,5,5,5,5,5,5,5,5
Stuck Inside of Mobile With the Memphis Blues Again,,,0,0,0,0,0,0,0,0,0,0,0,0,0,0,0,0,0,0,0,0,0,0,0,22,41,48,58,63,68,69,70,70
Sugar Magnolia,,,0,0,0,0,0,22,89,162,211,233,234,250,267,295,315,343,371,392,413,431,451,461,480,496,512,528,543,555,571,587,600,602
Sugaree,,,0,0,0,0,0,0,30,90,129,145,146,164,181,196,210,224,235,248,252,255,266,273,289,305,316,326,336,342,351,357,362,362
Sunrise,https://upload.wikimedia.org/wikipedia/en/8/8e/Coldplay_-_Everyday_Life.png,Everyday Life,0,0,0,0,0,0,0,0,0,0,0,0,18,30,30,30,30,30,30,30,30,30,30,30,30,30,30,30,30,30,30,30
Sunshine Daydream,,,0,0,0,0,0,0,0,0,1,4,4,8,9,10,11,12,15,17,17,17,17,17,20,24,27,28,31,31,31,32,32,32
Supplication,,,0,0,0,0,0,0,0,0,0,0,0,25,44,64,78,91,97,103,110,113,118,122,122,122,122,122,122,122,123,123,123,123
"Swing Low, Sweet Chariot",,,0,0,0,0,0,11,11,11,11,11,11,11,11,11,11,11,11,11,11,11,11,11,11,11,11,11,11,11,11,11,11,11
Take It Off,,,0,0,0,0,0,0,0,1,1,1,1,1,1,1,1,1,1,1,1,1,1,1,1,1,1,1,1,1,1,1,1,1
Take Me to the River,,,0,0,0,0,0,0,0,0,0,0,0,0,0,0,0,0,0,0,0,0,0,0,0,0,0,0,0,0,0,0,7,7
Tastebud,,,0,2,2,2,2,2,2,2,2,2,2,2,2,2,2,2,2,2,2,2,2,2,2,2,2,2,2,2,2,2,2,2
Teddy Bear Picnic,,,0,1,1,1,1,1,1,1,1,1,1,1,1,1,1,1,1,1,1,1,1,1,1,1,1,1,1,1,1,1,1,1
Tell It to Me,,,0,0,0,0,0,3,3,3,3,3,3,3,3,3,3,3,3,3,3,3,3,3,3,3,3,3,3,3,3,3,3,3
Tell Mama,,,0,0,0,0,0,0,0,0,0,0,0,0,0,0,0,0,0,2,2,2,2,2,2,2,2,2,2,2,2,2,2,2
Tennessee Jed,,,0,0,0,0,0,0,25,81,120,141,141,161,188,214,236,260,277,294,310,320,330,337,344,353,364,377,389,400,411,426,436,438
Terrapin Station,,,0,0,0,0,0,0,0,0,0,0,0,0,28,52,75,95,108,116,126,139,155,164,186,206,223,240,255,264,280,295,305,307
Terrapin Transit,,,0,0,0,0,0,0,0,0,0,0,0,0,1,1,1,1,1,1,1,1,1,1,1,1,1,1,1,1,1,1,1,1
That Would Be Something,,,0,0,0,0,0,0,0,0,0,0,0,0,0,0,0,0,0,0,0,0,0,0,0,0,0,0,1,1,4,10,19,19
That'll Be the Day,,,0,0,0,0,1,1,1,1,1,1,1,1,1,1,1,1,1,1,1,1,1,1,1,1,1,1,1,1,1,1,1,1
That's All Right,,,0,0,0,0,1,1,1,1,2,2,2,2,2,2,2,2,2,2,2,2,2,3,3,3,3,3,3,3,3,3,3,3
That's It for the Other One,,,0,0,2,25,63,78,83,83,83,83,83,83,83,83,83,83,83,83,83,83,83,83,83,83,83,83,83,83,83,83,83,83
The Addams Family Theme,,,0,0,0,0,0,0,0,0,0,0,0,0,0,0,0,0,0,0,0,0,0,0,3,3,3,3,3,3,3,3,3,3
The Ballad of Casey Jones,,,0,0,0,0,2,7,7,7,7,7,7,7,7,7,7,7,7,7,7,7,7,7,7,7,7,7,7,7,7,7,7,7
The Boxer,,,0,0,0,0,0,0,0,0,0,0,0,0,0,0,0,0,1,1,1,1,1,1,1,1,1,1,1,1,1,1,1,1
The Eleven,,,0,0,0,34,98,106,106,106,106,106,107,107,107,107,107,107,107,107,107,107,107,107,107,107,107,107,107,107,107,107,107,109
The Flood,,,0,0,0,0,0,1,1,1,1,1,1,1,1,1,1,1,1,1,1,1,1,1,1,1,1,1,1,1,1,1,1,1
The Frozen Logger,,,0,0,0,0,0,3,4,5,5,5,5,5,5,5,5,5,5,5,5,5,5,5,5,5,5,5,5,5,5,5,5,5
The Golden Road (To Unlimited Devotion),,,1,1,6,6,6,6,6,6,6,6,6,6,6,6,6,6,6,6,6,6,6,6,6,6,6,6,6,6,6,6,6,8
The Handsome Cabin Boy,,,0,0,0,0,0,0,0,0,0,0,0,0,0,0,0,0,0,0,0,0,0,0,0,0,0,1,1,1,2,2,2,2
The Last Time,,,0,0,0,0,0,0,0,0,0,0,0,0,0,0,0,0,0,0,0,0,0,0,0,0,0,7,12,23,42,61,71,71
The Main Ten,,,0,0,0,0,3,7,7,7,7,7,7,7,7,7,7,7,7,7,7,7,7,7,7,7,7,7,7,7,7,7,7,7
The Monkey and the Engineer,,,0,0,0,0,2,15,15,15,15,15,15,15,15,15,15,33,36,37,37,37,37,37,37,37,38,38,38,38,38,38,38,38
The Music Never Stopped,,,0,0,0,0,0,0,0,0,0,0,2,32,61,84,99,112,120,124,130,137,145,151,163,176,183,189,201,208,218,229,237,239
The Only Time Is Now,,,1,3,3,3,3,3,3,3,3,3,3,3,3,3,3,3,3,3,3,3,3,3,3,3,3,3,3,3,3,3,3,3
The Other One,,,0,0,1,13,35,67,99,142,164,173,174,183,198,219,236,260,285,306,323,339,357,369,397,420,440,458,477,489,506,519,526,528
The Race Is On,,,0,0,0,0,1,6,6,6,33,42,42,42,42,42,42,52,54,54,54,54,54,55,55,55,56,57,58,58,59,59,60,60
The Rub,,,0,0,0,1,1,8,15,15,15,15,15,15,15,15,15,15,15,15,15,15,15,15,15,15,15,15,15,15,15,15,15,15
The Same Thing,,,0,2,5,5,5,5,6,6,6,6,6,6,6,6,6,6,6,6,6,6,6,6,6,6,6,6,7,17,30,40,48,48
The Seven,,,0,0,0,2,3,4,4,4,4,4,4,4,4,4,4,4,4,4,4,4,4,4,4,4,4,4,4,4,4,4,4,4
The Sidewalks of New York,,,0,0,0,0,0,0,0,1,1,1,1,1,1,1,1,1,1,1,1,1,1,1,1,1,1,1,1,1,1,1,1,1
The Star-Spangled Banner,,,0,1,1,1,1,1,1,1,1,1,1,1,1,1,1,1,1,1,1,1,1,1,1,1,1,1,1,1,2,2,2,2
The Stranger (Two Souls in Communion),,,0,0,0,0,0,0,0,12,12,12,12,12,12,12,12,12,12,12,12,12,12,12,12,12,12,12,12,12,12,12,12,12
The Things (That) I Used to Do,,,0,0,0,0,1,1,1,1,1,1,1,1,1,1,1,1,1,1,1,1,1,1,1,1,1,1,1,1,1,1,1,1
The Valley Road,,,0,0,0,0,0,0,0,0,0,0,0,0,0,0,0,0,0,0,0,0,0,0,0,0,0,6,6,6,6,6,6,6
The Weight,,,0,0,0,0,0,0,0,0,0,0,0,0,0,0,0,0,0,0,0,0,0,0,0,0,0,13,26,34,38,40,41,41
The Wheel,,,0,0,0,0,0,0,0,0,0,0,0,20,30,31,32,43,57,74,88,103,118,126,145,167,190,207,223,233,245,256,258,260
There Is Something on Your Mind,,,0,2,2,2,2,2,2,2,2,2,2,2,2,2,2,2,2,2,2,2,2,2,2,2,2,2,2,2,2,2,2,2
They Love Each Other,,,0,0,0,0,0,0,0,0,46,47,48,62,87,107,127,144,162,175,188,194,200,203,204,207,209,213,220,222,225,226,226,226
Throwing Stones,,,0,0,0,0,0,0,0,0,0,0,0,0,0,0,0,0,0,13,45,68,91,104,133,156,173,193,213,226,243,260,268,270
Till the Morning Comes,,,0,0,0,0,0,5,5,5,5,5,5,5,5,5,5,5,5,5,5,5,5,5,5,5,5,5,5,5,5,5,5,5
To Lay Me Down,,,0,0,0,0,0,4,4,4,7,14,14,14,14,14,14,30,42,45,46,46,46,46,46,56,60,63,63,64,64,64,64,64
Tomorrow Is Forever,,,0,0,0,0,0,0,0,9,9,10,10,10,10,10,10,10,10,10,10,10,10,10,10,10,10,10,10,10,10,10,10,10
Tomorrow Never Knows,,,0,0,0,0,0,0,0,0,0,0,0,0,0,0,0,0,0,0,0,0,0,0,0,0,0,0,0,8,11,12,12,12
Tons of Steel,,,0,0,0,0,0,0,0,0,0,0,0,0,0,0,0,0,0,0,0,1,6,12,29,29,29,29,29,29,29,29,29,29
Tore Up Over You,,,0,0,0,0,0,0,0,0,0,0,0,0,0,0,0,0,0,0,0,0,0,0,1,1,1,1,1,1,1,1,1,1
Touch of Grey,,,0,0,0,0,0,0,0,0,0,0,0,0,0,0,0,0,0,10,31,50,65,74,102,121,138,155,171,181,192,204,213,215
Truckin',,,0,0,0,0,0,26,91,150,199,220,221,221,232,250,266,286,310,332,354,371,392,402,424,436,451,469,487,495,509,520,530,534
"Tubular Bells, Part One",,,0,0,0,0,0,0,0,0,0,0,0,0,0,0,0,0,0,0,0,0,0,0,0,0,0,0,0,0,1,1,1,1
Turn On Your Love Light,,,0,0,4,25,106,153,169,173,173,173,173,173,173,173,173,173,174,176,176,181,196,206,227,252,273,292,305,314,327,339,345,347
Twist and Shout,,,0,1,1,1,2,2,2,2,2,2,2,2,2,2,2,2,2,2,2,2,2,2,2,2,2,2,2,2,2,2,2,2
U.S. Blues,,,0,0,0,0,0,0,0,0,0,35,37,54,68,93,122,150,176,192,210,219,235,243,250,261,274,287,297,304,309,318,326,328
Unbroken Chain,,,0,0,0,0,0,0,0,0,0,0,0,0,0,0,0,0,0,0,0,0,0,0,0,0,0,0,0,0,0,0,13,15
Uncle John's Band,,,0,0,0,0,11,69,96,119,132,144,144,145,157,157,160,175,179,186,193,201,207,213,226,242,254,269,285,294,310,327,336,338
Untitled Jam,,,0,0,0,0,0,0,0,1,1,1,1,1,1,1,1,1,1,1,1,1,1,1,1,1,1,1,1,1,1,1,1,1
Victim or the Crime,,,0,0,0,0,0,0,0,0,0,0,0,0,0,0,0,0,0,0,0,0,0,0,0,17,34,51,62,69,75,89,98,98
Viola Lee Blues,,,0,10,24,31,34,41,41,41,41,41,41,41,41,41,41,41,41,41,41,41,41,41,41,41,41,41,41,41,41,41,41,43
Visions of Johanna,,,0,0,0,0,0,0,0,0,0,0,0,0,0,0,0,0,0,0,0,0,0,2,2,2,2,2,2,2,2,2,9,9
Wake Up Little Susie,,,0,0,0,0,0,13,13,13,13,13,13,13,13,13,13,13,13,13,13,13,13,13,13,13,13,13,13,13,13,13,13,13
Walk Down the Street,,,0,0,0,0,0,1,1,1,1,1,1,1,1,1,1,1,1,1,1,1,1,1,1,1,1,1,1,1,1,1,1,1
Walkin' Blues,,,0,1,1,1,1,1,1,1,1,1,1,1,1,1,1,1,1,2,2,2,6,6,20,43,64,82,99,108,122,135,143,143
Walking the Dog,,,0,0,0,0,0,2,2,2,2,2,2,2,2,2,2,2,2,2,2,3,6,6,7,7,7,7,7,7,7,7,7,7
Wang Dang Doodle,,,0,0,0,0,0,0,0,0,0,0,0,0,0,0,0,0,0,0,7,9,9,10,10,12,18,25,42,52,69,85,98,98
Warriors of the Sun,,,0,0,0,0,0,0,0,0,0,0,0,0,0,0,0,0,1,1,1,1,1,1,1,1,1,1,1,1,1,1,1,1
Wave That Flag,,,0,0,0,0,0,0,0,0,14,14,14,14,14,14,14,14,14,14,14,14,14,14,14,14,14,14,14,14,14,14,14,14
Wave to the Wind,,,0,0,0,0,0,0,0,0,0,0,0,0,0,0,0,0,0,0,0,0,0,0,0,0,0,0,0,7,21,21,21,21
Way to Go Home,,,0,0,0,0,0,0,0,0,0,0,0,0,0,0,0,0,0,0,0,0,0,0,0,0,0,0,0,22,52,80,95,95
We Can Run,,,0,0,0,0,0,0,0,0,0,0,0,0,0,0,0,0,0,0,0,0,0,0,0,0,17,22,22,22,22,22,22,22
Weather Report Suite,,,0,0,0,0,0,0,0,0,27,47,47,47,47,47,47,47,47,47,47,47,47,47,47,47,47,47,47,47,47,47,47,47
Weather Report Suite Prelude,,,0,0,0,0,0,0,0,1,5,5,5,5,5,5,5,5,5,5,5,5,5,5,5,5,5,5,5,5,5,5,5,5
Werewolves of London,,,0,0,0,0,0,0,0,0,0,0,0,0,0,9,9,9,9,9,9,9,10,10,10,10,10,11,12,12,12,12,12,12
West L.A. Fadeaway,,,0,0,0,0,0,0,0,0,0,0,0,0,0,0,0,0,0,8,26,40,54,62,84,98,106,114,120,127,129,136,141,143
Wharf Rat,,,0,0,0,0,0,0,25,37,55,73,73,91,112,133,157,183,206,221,235,249,262,273,294,311,328,344,361,369,381,392,399,401
What's Become of the Baby?,,,0,0,0,0,0,0,0,0,0,0,0,0,0,0,0,0,0,0,0,0,0,0,0,0,0,0,0,0,0,0,0,2
What's Going On,,,0,0,0,0,0,0,0,0,0,0,0,0,0,0,0,0,0,0,0,0,0,0,0,1,1,1,1,1,1,1,1,1
When I Paint My Masterpiece,,,0,0,0,0,0,0,0,0,0,0,0,0,0,0,0,0,0,0,0,0,0,0,20,41,58,77,92,103,121,137,149,149
When Push Comes to Shove,,,0,0,0,0,0,0,0,0,0,0,0,0,0,0,0,0,0,0,0,0,0,6,38,55,58,58,58,58,58,58,58,58
Where Have All Our Heroes Gone,,,0,0,0,0,0,0,0,0,0,0,0,0,0,0,0,0,1,1,1,1,1,1,1,1,1,1,1,1,1,1,1,1
Who Do You Love?,,,0,0,0,0,0,0,0,2,2,2,2,2,2,2,2,2,2,2,2,2,2,2,2,2,2,2,2,2,2,2,2,2
Why Don't We Do It in the Road?,,,0,0,0,0,0,0,0,0,0,0,0,0,0,0,0,0,0,0,0,4,6,7,7,7,7,7,7,7,7,7,7,7
Will the Circle Be Unbroken?,,,0,0,0,0,0,1,1,1,1,1,1,1,1,1,1,1,1,1,1,1,1,1,1,1,1,1,1,1,1,1,1,1
Willie and the Hand Jive,,,0,0,0,0,0,0,0,0,0,0,0,0,0,0,0,0,0,0,0,0,0,5,6,6,6,6,6,6,6,6,6,6
Wipe Out,,,0,0,0,0,1,1,1,1,1,1,1,1,1,1,1,1,1,1,1,1,1,1,1,1,1,1,1,1,1,1,1,1
Wow Wow Hey Hey,,,0,0,0,0,0,0,0,1,1,1,1,1,1,1,1,1,1,1,1,1,1,1,1,1,1,1,1,1,1,1,1,1
Yellow Dog Story,,,0,0,0,0,3,5,5,5,5,5,5,5,5,5,5,5,5,5,5,5,5,5,5,5,5,5,5,5,5,5,5,5
You Ain't Woman Enough (To Take My Man),,,0,0,0,0,0,0,0,0,14,14,14,14,14,14,14,14,14,14,14,14,14,14,14,14,14,14,14,14,14,14,14,14
You Don't Have to Ask,,,0,6,6,6,6,6,6,6,6,6,6,6,6,6,6,6,6,6,6,6,6,6,6,6,6,6,6,6,6,6,6,6
You Don't Love Me,,,0,1,1,1,1,1,1,1,1,1,1,1,1,1,1,1,1,1,1,1,1,1,1,1,1,1,1,1,1,1,1,1
You See a Broken Heart,,,0,2,2,2,2,2,2,2,2,2,2,2,2,2,2,2,2,2,2,2,2,2,2,2,2,2,2,2,2,2,2,2
You Win Again,,,0,0,0,0,0,0,9,24,24,24,24,24,24,24,24,24,24,24,24,24,24,24,24,24,24,24,24,24,24,24,24,24
You Won't Find Me,,,0,1,1,1,1,1,1,1,1,1,1,1,1,1,1,1,1,1,1,1,1,1,1,1,1,1,1,1,1,1,1,1
